model,set,label,a,b,wer_a,wer_b,delta,ci_low,ci_high,se,p_boot,n,n_better,n_worse,n_tied,n_clusters,cl_ci_low,cl_ci_high,p_wilcoxon
drax,ami,"Drax standard (T=0.1, 1 sample) vs ROVER@main",first@ref/k1,rover_cg@main/k16,11.475713756025213,11.10493140526511,0.3707823507601038,-0.1749487064159418,0.8866941107003731,0.27574285307426044,0.099,600,73,60,467,16,-0.2618092266897101,1.0563166366639205,0.18207714846034873
drax,common_voice,"Drax standard (T=0.1, 1 sample) vs ROVER@main",first@ref/k1,rover_cg@main/k16,13.531598513011152,13.085501858736059,0.44609665427509293,-0.176634977784792,1.108681011587659,0.3211264575324094,0.087,455,58,45,352,455,,,0.13179674013992426
drax,earnings22,"Drax standard (T=0.1, 1 sample) vs ROVER@main",first@ref/k1,rover_cg@main/k16,20.965008473731434,22.73950752666733,-1.7744990529358988,-2.7744899789965656,-0.854443104141536,0.5001070981591706,1.0,600,142,157,301,6,-2.7158738056751206,-1.2259835315645013,0.03575106365392558
drax,fleurs-de,"Drax standard (T=0.1, 1 sample) vs ROVER@main",first@ref/k1,rover_cg@main/k16,9.244951712028096,7.936786654960492,1.308165057067603,0.975124388242759,1.6517995041162123,0.17422957122941932,0.0,546,158,54,334,300,0.9841802764991444,1.6610056778745896,1.7079749811620324e-12
drax,fleurs-en,"Drax standard (T=0.1, 1 sample) vs ROVER@main",first@ref/k1,rover_cg@main/k16,9.953143893591294,9.635731559854896,0.3174123337363966,-0.00759275911295555,0.6305704861113863,0.16311181076095999,0.028,600,119,94,387,345,-0.007563384865080848,0.6497104114813087,0.06642948785899873
drax,fleurs-es,"Drax standard (T=0.1, 1 sample) vs ROVER@main",first@ref/k1,rover_cg@main/k16,6.689419795221843,5.997074597757192,0.6923451974646514,0.43307314455285023,0.9743009351633545,0.13748751169935733,0.0,400,81,30,289,269,0.42876477846134897,0.962000969368637,9.522013316436056e-07
drax,fleurs-fr,"Drax standard (T=0.1, 1 sample) vs ROVER@main",first@ref/k1,rover_cg@main/k16,11.937462209553425,11.168696553511273,0.7687656560421525,0.4143564707656016,1.1497659997659995,0.18928902315828838,0.0,468,126,79,263,278,0.4105906123475328,1.1148534349761965,5.937316730030982e-05
drax,fleurs-it,"Drax standard (T=0.1, 1 sample) vs ROVER@main",first@ref/k1,rover_cg@main/k16,6.956704497688104,5.8743169398907105,1.0823875577973938,0.7510984390570585,1.4281639272340707,0.17415752030723103,0.0,400,102,34,264,262,0.7430973319749149,1.446767444614965,4.5625118796255886e-09
drax,fleurs-pt,"Drax standard (T=0.1, 1 sample) vs ROVER@main",first@ref/k1,rover_cg@main/k16,13.682306628364719,12.065113309926588,1.6171933184381317,1.1845487119037728,2.0535194864792747,0.22285095711395386,0.0,400,141,57,202,261,1.1615098311624934,2.0701940958070635,6.75169622384635e-12
drax,gigaspeech,"Drax standard (T=0.1, 1 sample) vs ROVER@main",first@ref/k1,rover_cg@main/k16,14.5041541453067,13.91196747392611,0.5921866713805904,0.18880564258082355,1.0130188619578346,0.2117780017104453,0.002,600,119,88,393,117,0.15161554289997456,1.034153334270027,0.006213055688807185
drax,ls-dev-clean,"Drax standard (T=0.1, 1 sample) vs ROVER@main",first@ref/k1,rover_cg@main/k16,3.1096996162498347,2.7788805081381502,0.3308191081116845,0.06373335195523257,0.5907195394096598,0.13196278495123548,0.0085,400,42,23,335,40,0.07642247034351655,0.5883580715608874,0.012925413653932794
drax,ls-dev-other,"Drax standard (T=0.1, 1 sample) vs ROVER@main",first@ref/k1,rover_cg@main/k16,5.830339872893064,5.47112462006079,0.3592152528322741,-0.013622215133051237,0.7462949634231548,0.1913501188446507,0.0305,400,48,33,319,33,-0.07771906342308066,0.7373589650278244,0.056163875533579814
drax,ls-tc-babble0,"Drax standard (T=0.1, 1 sample) vs ROVER@main",first@ref/k1,rover_cg@main/k16,35.53989428643342,36.85711888581257,-1.3172245993791425,-2.260434326729558,-0.40939624613981057,0.4599234100053747,0.999,600,176,202,222,40,-2.269903432055309,-0.5151269074105789,0.04976745065916513
drax,ls-tc-babble10,"Drax standard (T=0.1, 1 sample) vs ROVER@main",first@ref/k1,rover_cg@main/k16,4.5389713902173,4.111083144559108,0.4278882456581928,0.1499334713049127,0.7092841625458263,0.14456130173184817,0.0005,600,84,57,459,40,0.14188173277197605,0.73976130056999,0.004101986590834255
drax,ls-tc-babble5,"Drax standard (T=0.1, 1 sample) vs ROVER@main",first@ref/k1,rover_cg@main/k16,9.531000922896217,9.421931370081383,0.10906955281483346,-0.2783068076874414,0.4780064340181336,0.19169020523020258,0.291,600,115,93,392,40,-0.39310651601271984,0.5770103686798115,0.2982705310336651
drax,ls-tc-white5,"Drax standard (T=0.1, 1 sample) vs ROVER@main",first@ref/k1,rover_cg@main/k16,7.257320244986995,7.022401208155046,0.23491903683194898,-0.07838680490351158,0.5275103682801079,0.15604265201558026,0.0735,600,95,79,426,40,-0.049999522531727764,0.5069237896959123,0.12450676472584422
drax,ls-test-clean,"Drax standard (T=0.1, 1 sample) vs ROVER@main",first@ref/k1,rover_cg@main/k16,2.567329473949157,2.4079201275274773,0.15940934642167967,-0.025538329126265216,0.35044825679498715,0.09759669552466317,0.0535,600,49,31,520,40,-0.02721077092135949,0.34276656069351413,0.11486668833655919
drax,ls-test-other,"Drax standard (T=0.1, 1 sample) vs ROVER@main",first@ref/k1,rover_cg@main/k16,6.3611555471911165,5.730685988519808,0.6304695586713089,0.3467608147070727,0.9167482179759283,0.14230122002540996,0.0,600,90,44,466,33,0.3595143972147099,0.9177196305256897,1.0297267271218337e-05
drax,slr83,"Drax standard (T=0.1, 1 sample) vs ROVER@main",first@ref/k1,rover_cg@main/k16,7.593712212817413,6.831922611850061,0.7617896009673518,0.38138390833424923,1.138451349404924,0.19069022985125728,0.0,600,94,47,459,24,0.37693406611233526,1.2090362553396972,0.00019944431425757868
drax,spgispeech,"Drax standard (T=0.1, 1 sample) vs ROVER@main",first@ref/k1,rover_cg@main/k16,7.575332866152768,7.561317449194114,0.01401541695865452,-0.27259672831829174,0.3009450285416263,0.14571215812372929,0.4645,600,104,103,393,416,-0.26456134463921993,0.28367082658377785,0.9339852292065498
drax,voxpopuli,"Drax standard (T=0.1, 1 sample) vs ROVER@main",first@ref/k1,rover_cg@main/k16,7.745954993490794,7.652966338106751,0.09298865538404315,-0.17839786393239143,0.34819023975488284,0.13216494810832935,0.2625,600,65,62,473,296,-0.15431358022586394,0.38095547913374844,0.5219759882999453
drax,ami,Drax standard vs confidence pick@main,first@ref/k1,conf@main/k16,11.475713756025213,14.10826844642195,-2.632554690396737,-3.393050326034262,-1.9110940093181175,0.38165660747068764,1.0,600,51,146,403,16,-3.709946929524919,-1.4562830854271802,2.6361658301169062e-11
drax,common_voice,Drax standard vs confidence pick@main,first@ref/k1,conf@main/k16,13.531598513011152,14.894671623296158,-1.3630731102850062,-2.212702378786744,-0.5328763217533748,0.42416340461652813,0.9995,455,52,83,320,455,,,0.0025531057487611407
drax,earnings22,Drax standard vs confidence pick@main,first@ref/k1,conf@main/k16,20.965008473731434,25.28162695643505,-4.3166184827036185,-6.159235871478338,-2.77436167297793,0.8703681947838803,1.0,600,122,206,272,6,-5.380456283792694,-3.5515665279794852,1.5801072357766574e-08
drax,fleurs-de,Drax standard vs confidence pick@main,first@ref/k1,conf@main/k16,9.244951712028096,9.736611062335381,-0.4916593503072871,-0.9644305564224953,-0.01746465340162047,0.24040013701902907,0.979,546,116,134,296,300,-0.9856268616114666,-0.034482265746047,0.05281673197367504
drax,fleurs-en,Drax standard vs confidence pick@main,first@ref/k1,conf@main/k16,9.953143893591294,11.358827085852479,-1.405683192261185,-1.8554737838273196,-0.9644053589408673,0.22807764790974772,1.0,600,88,184,328,345,-1.932887087508962,-0.9226370670972934,2.6390181311992754e-09
drax,fleurs-es,Drax standard vs confidence pick@main,first@ref/k1,conf@main/k16,6.689419795221843,6.923451974646514,-0.2340321794246709,-0.5567086001166337,0.07788294768084998,0.16331661632885736,0.924,400,73,82,245,269,-0.5497862014316518,0.07997203091966443,0.15606529589247106
drax,fleurs-fr,Drax standard vs confidence pick@main,first@ref/k1,conf@main/k16,11.937462209553425,12.723503498315626,-0.7860412887622009,-1.257711491187903,-0.3183948989606565,0.23803446039420464,0.9995,468,99,138,231,278,-1.2236338466138845,-0.3461069060406992,0.0007740762350511727
drax,fleurs-it,Drax standard vs confidence pick@main,first@ref/k1,conf@main/k16,6.956704497688104,7.093316519546028,-0.1366120218579235,-0.5592806405149955,0.2935418312221987,0.21749833252540354,0.746,400,77,81,242,262,-0.574322033550724,0.28518640273317486,0.5441319895096517
drax,fleurs-pt,Drax standard vs confidence pick@main,first@ref/k1,conf@main/k16,13.682306628364719,14.746249601021384,-1.0639429726566656,-1.5822911358390193,-0.5218532964742459,0.27261825658524635,1.0,400,91,131,178,261,-1.6074983034348216,-0.5227447982015895,0.00018805496408549273
drax,gigaspeech,Drax standard vs confidence pick@main,first@ref/k1,conf@main/k16,14.5041541453067,15.520593954392787,-1.016439809086088,-1.5548994063010961,-0.45264061266616773,0.27702584587675866,0.9995,600,97,155,348,117,-1.5359313346926262,-0.5285087702908965,0.00022159628245522182
drax,ls-dev-clean,Drax standard vs confidence pick@main,first@ref/k1,conf@main/k16,3.1096996162498347,3.2023289665211063,-0.09262935027127167,-0.40012463022799494,0.1905599277201191,0.15147024939799913,0.736,400,39,40,321,40,-0.3625624753462056,0.16800261057050214,0.6060239085977837
drax,ls-dev-other,Drax standard vs confidence pick@main,first@ref/k1,conf@main/k16,5.830339872893064,6.756009947499309,-0.9256700746062448,-1.4880973077687265,-0.4026036895222383,0.2801773849492797,0.9995,400,38,73,289,33,-1.5889800962090117,-0.3165867235110274,0.0013667499938505925
drax,ls-tc-babble0,Drax standard vs confidence pick@main,first@ref/k1,conf@main/k16,35.53989428643342,42.8139944626227,-7.274100176189278,-8.444327591063892,-6.214700747770161,0.5556680524580171,1.0,600,92,347,161,40,-8.411211796183647,-6.077858298606029,3.554323919752686e-37
drax,ls-tc-babble10,Drax standard vs confidence pick@main,first@ref/k1,conf@main/k16,4.5389713902173,5.302458259921134,-0.7634868697038342,-1.1288402873860208,-0.38594015608218946,0.19234491319102484,1.0,600,61,111,428,40,-1.0217590038609632,-0.49061086223204387,7.14588065913794e-05
drax,ls-tc-babble5,Drax standard vs confidence pick@main,first@ref/k1,conf@main/k16,9.531000922896217,11.896971222417989,-2.365970299521772,-2.9289730704844126,-1.8220317241471975,0.28053195461915015,1.0,600,78,201,321,40,-3.117854980733072,-1.7452780723918413,5.243940590375822e-16
drax,ls-tc-white5,Drax standard vs confidence pick@main,first@ref/k1,conf@main/k16,7.257320244986995,8.767514053192382,-1.5101938082053863,-1.9382972697368201,-1.0957685922472944,0.2134385014962962,1.0,600,72,164,364,40,-2.0766414552321466,-0.9781166667659462,7.250931784405929e-11
drax,ls-test-clean,Drax standard vs confidence pick@main,first@ref/k1,conf@main/k16,2.567329473949157,2.810638476382247,-0.24330900243309003,-0.5021164883809871,-0.008281683914688438,0.12778163297653256,0.98,600,49,70,481,40,-0.4523904605989801,-0.03369840841620696,0.07517561160230385
drax,ls-test-other,Drax standard vs confidence pick@main,first@ref/k1,conf@main/k16,6.3611555471911165,7.151594993883505,-0.7904394466923873,-1.132365446199768,-0.43554649702168263,0.17809103693532616,1.0,600,63,116,421,33,-1.1978447399612593,-0.3844187396427813,5.2882090538131665e-05
drax,slr83,Drax standard vs confidence pick@main,first@ref/k1,conf@main/k16,7.593712212817413,7.654171704957679,-0.060459492140266025,-0.5372553128328705,0.41349639116591974,0.24406027386517676,0.626,600,84,84,432,24,-0.6619528987565098,0.564765315305007,0.7995553781114528
drax,spgispeech,Drax standard vs confidence pick@main,first@ref/k1,conf@main/k16,7.575332866152768,8.38822704975473,-0.8128941836019622,-1.1698679873898663,-0.4422189044672581,0.1873231159242812,1.0,600,90,159,351,416,-1.1608503773286953,-0.47611266154996784,8.441184488140943e-06
drax,voxpopuli,Drax standard vs confidence pick@main,first@ref/k1,conf@main/k16,7.745954993490794,8.55495629533197,-0.8090013018411754,-1.1975394199803906,-0.456061252164619,0.18985029739743378,1.0,600,63,115,422,296,-1.2138275447604256,-0.4532321427631563,4.175010890020864e-05
drax,ami,Drax standard vs MBR pick@main,first@ref/k1,mbr@main/k16,11.475713756025213,11.401557285873192,0.07415647015202076,-0.46054890228346246,0.6239630601247871,0.2810558829640149,0.4105,600,61,53,486,16,-0.538811057518686,0.7002378623688088,0.6622544868578859
drax,common_voice,Drax standard vs MBR pick@main,first@ref/k1,mbr@main/k16,13.531598513011152,13.358116480793061,0.1734820322180917,-0.49457208332109176,0.8317532600637968,0.3408153284927933,0.305,455,56,45,354,455,,,0.5677405803557438
drax,earnings22,Drax standard vs MBR pick@main,first@ref/k1,mbr@main/k16,20.965008473731434,23.208055029408833,-2.2430465556774,-3.2412474301329692,-1.2623521436766019,0.5135581539088667,1.0,600,134,163,303,6,-3.309897254758888,-1.746681305519513,0.000919360393053696
drax,fleurs-de,Drax standard vs MBR pick@main,first@ref/k1,mbr@main/k16,9.244951712028096,8.446005267778753,0.7989464442493416,0.4508955706883811,1.1614057601583674,0.18738845628562756,0.0,546,134,63,349,300,0.45283672027935934,1.1414165229345867,1.953122829146658e-05
drax,fleurs-en,Drax standard vs MBR pick@main,first@ref/k1,mbr@main/k16,9.953143893591294,10.157194679564691,-0.20405078597339782,-0.572032422090236,0.15946009251061155,0.18690880281439526,0.866,600,101,105,394,345,-0.6164048403763837,0.19884767180606816,0.36743612887406174
drax,fleurs-es,Drax standard vs MBR pick@main,first@ref/k1,mbr@main/k16,6.689419795221843,6.162847391516333,0.5265724037055095,0.28563119969521267,0.7801711356154525,0.12739770159719935,0.0,400,78,33,289,269,0.2835973781817215,0.7887423596476647,4.119021942995461e-05
drax,fleurs-fr,Drax standard vs MBR pick@main,first@ref/k1,mbr@main/k16,11.937462209553425,11.764705882352942,0.17275632720048373,-0.20157870240180123,0.5495827620859791,0.19340750557869357,0.1875,468,112,87,269,278,-0.19482549850899908,0.5314651259178822,0.4535912569254926
drax,fleurs-it,Drax standard vs MBR pick@main,first@ref/k1,mbr@main/k16,6.956704497688104,6.35771332492644,0.5989911727616646,0.25635372949075586,0.94441554287942,0.17393057126782469,0.0005,400,86,40,274,262,0.2695935548784004,0.9467137957614684,0.0003983850455837126
drax,fleurs-pt,Drax standard vs MBR pick@main,first@ref/k1,mbr@main/k16,13.682306628364719,13.20353229066922,0.47877433769549954,-0.02097981905384624,0.963672753352231,0.24065820856021836,0.0295,400,116,82,202,261,0.010309019298084362,0.9343765837040373,0.040852835730474005
drax,gigaspeech,Drax standard vs MBR pick@main,first@ref/k1,mbr@main/k16,14.5041541453067,14.451122503093513,0.0530316422131872,-0.3828821723124354,0.4978710031639608,0.22371037330142932,0.4155,600,101,94,405,117,-0.3375080930493793,0.45285605525860656,0.5004230930859761
drax,ls-dev-clean,Drax standard vs MBR pick@main,first@ref/k1,mbr@main/k16,3.1096996162498347,2.8185788011115522,0.29112081513828236,0.026925346423879636,0.5484730170929389,0.13198496125873435,0.0175,400,38,21,341,40,0.02849541332773605,0.5391609281334933,0.032516680190423586
drax,ls-dev-other,Drax standard vs MBR pick@main,first@ref/k1,mbr@main/k16,5.830339872893064,5.788891959104725,0.04144791378833932,-0.3544420123869702,0.42720755957105416,0.1954770071670735,0.432,400,40,36,324,33,-0.3874798428445617,0.4706396565701772,0.7113920634308257
drax,ls-tc-babble0,Drax standard vs MBR pick@main,first@ref/k1,mbr@main/k16,35.53989428643342,41.127611376793354,-5.58771709035993,-6.641961940845597,-4.544594810974509,0.5328834417106492,1.0,600,99,288,213,40,-6.659717025535376,-4.602924334339811,4.0689523978219085e-25
drax,ls-tc-babble10,Drax standard vs MBR pick@main,first@ref/k1,mbr@main/k16,4.5389713902173,4.13625304136253,0.4027183488547697,0.13989138059815806,0.6671783465911526,0.1387781320183002,0.0,600,78,52,470,40,0.12617558535164378,0.6820186230278923,0.005002870035235604
drax,ls-tc-babble5,Drax standard vs MBR pick@main,first@ref/k1,mbr@main/k16,9.531000922896217,10.118298514976088,-0.5872975920798724,-1.059040759928474,-0.14565357376837693,0.2254403947089452,0.996,600,98,116,386,40,-1.1988254304982138,-0.11488140811903373,0.02065393354330638
drax,ls-tc-white5,Drax standard vs MBR pick@main,first@ref/k1,mbr@main/k16,7.257320244986995,7.4083396258075345,-0.15101938082053865,-0.4757118181463437,0.17835907733978246,0.17142417421949446,0.8195,600,85,88,427,40,-0.5138197133255945,0.19274523807645141,0.49348473128647696
drax,ls-test-clean,Drax standard vs MBR pick@main,first@ref/k1,mbr@main/k16,2.567329473949157,2.3827502307240542,0.18457924322510277,0.008162221113573344,0.37000979170708453,0.09268057598468939,0.0235,600,43,26,531,40,0.016201123527316966,0.3554674098980457,0.04857206403899658
drax,ls-test-other,Drax standard vs MBR pick@main,first@ref/k1,mbr@main/k16,6.3611555471911165,5.947115837018914,0.41403971017220287,0.12343834144648913,0.7073112478389473,0.14965058445030077,0.002,600,88,52,460,33,0.18806317012440912,0.6512604053487023,0.00835274343812942
drax,slr83,Drax standard vs MBR pick@main,first@ref/k1,mbr@main/k16,7.593712212817413,7.001209189842806,0.592503022974607,0.19416534958982465,0.9613473663178069,0.19777571717463277,0.0015,600,84,46,470,24,0.17291820798093202,1.0339828346570195,0.004663854953910715
drax,spgispeech,Drax standard vs MBR pick@main,first@ref/k1,mbr@main/k16,7.575332866152768,7.561317449194114,0.01401541695865452,-0.29272910751547904,0.31960625030423184,0.1548837901565976,0.4535,600,96,91,413,416,-0.2904225791984905,0.3064292314675649,0.9039890939790701
drax,voxpopuli,Drax standard vs MBR pick@main,first@ref/k1,mbr@main/k16,7.745954993490794,7.671564069183559,0.07439092430723451,-0.17980633000933408,0.31989438015852245,0.12686942718061064,0.2955,600,60,53,487,296,-0.17507164638122594,0.35671347688363253,0.6008854652315061
drax,ami,ROVER@T=0.1 vs ROVER@main,rover_cg@ref/k4,rover_cg@main/k16,11.234705228031146,11.10493140526511,0.12977382276603633,-0.3539281204362524,0.5978992815932989,0.24262790764126252,0.32,600,68,58,474,16,-0.33107159083815274,0.6080774335515124,0.5619712835930877
drax,common_voice,ROVER@T=0.1 vs ROVER@main,rover_cg@ref/k4,rover_cg@main/k16,12.639405204460967,13.085501858736059,-0.44609665427509293,-1.01336782177374,0.12466889103014751,0.28811830348700695,0.9425,455,36,48,371,455,,,0.18514251576498653
drax,earnings22,ROVER@T=0.1 vs ROVER@main,rover_cg@ref/k4,rover_cg@main/k16,20.695842887050144,22.73950752666733,-2.043664639617187,-3.0943535582312363,-1.1183578985907074,0.5011694284393138,1.0,600,118,156,326,6,-3.2743245041927325,-1.3695968916949977,0.000538156628150153
drax,fleurs-de,ROVER@T=0.1 vs ROVER@main,rover_cg@ref/k4,rover_cg@main/k16,8.428446005267778,7.936786654960492,0.4916593503072871,0.20533011599263562,0.7579897498889699,0.142160478849206,0.0005,546,106,65,375,300,0.1907158552743132,0.8052042888403701,0.0009765761248663372
drax,fleurs-en,ROVER@T=0.1 vs ROVER@main,rover_cg@ref/k4,rover_cg@main/k16,9.552599758162032,9.635731559854896,-0.08313180169286578,-0.36112580182120596,0.18149301181115882,0.13818010003262973,0.75,600,85,96,419,345,-0.3546950443987767,0.19975157395409682,0.555624904376959
drax,fleurs-es,ROVER@T=0.1 vs ROVER@main,rover_cg@ref/k4,rover_cg@main/k16,6.094588005850804,5.997074597757192,0.09751340809361288,-0.11666512830328858,0.3180171371526994,0.11212021932698685,0.1975,400,50,37,313,269,-0.12215080345864297,0.31715573933788915,0.28008805209737353
drax,fleurs-fr,ROVER@T=0.1 vs ROVER@main,rover_cg@ref/k4,rover_cg@main/k16,11.384641962511877,11.168696553511273,0.21594540900060466,-0.06924795099195394,0.5042776547382727,0.14800183250777968,0.082,468,94,74,300,278,-0.05140595339837591,0.5044407893444416,0.13229063673257738
drax,fleurs-it,ROVER@T=0.1 vs ROVER@main,rover_cg@ref/k4,rover_cg@main/k16,6.326187473728457,5.8743169398907105,0.45187053383774695,0.20781217984435402,0.710594510130039,0.12968438234028723,0.0005,400,70,38,292,262,0.2063268196850003,0.6997758749983277,0.000552026164728773
drax,fleurs-pt,ROVER@T=0.1 vs ROVER@main,rover_cg@ref/k4,rover_cg@main/k16,12.56516650707522,12.065113309926588,0.5000531971486328,0.12097203532771862,0.8699503111843256,0.1905645108960771,0.0035,400,95,63,242,261,0.13250441015862097,0.8952703979062552,0.008112377803326402
drax,gigaspeech,ROVER@T=0.1 vs ROVER@main,rover_cg@ref/k4,rover_cg@main/k16,14.106416828707795,13.91196747392611,0.1944493547816864,-0.19134103378993236,0.5740479031037276,0.19528120190087372,0.1705,600,96,86,418,117,-0.14032718183119028,0.5485911147298389,0.36535492391171887
drax,ls-dev-clean,ROVER@T=0.1 vs ROVER@main,rover_cg@ref/k4,rover_cg@main/k16,2.659785629217944,2.7788805081381502,-0.11909487892020643,-0.3401864101345236,0.09328270529877057,0.11091932734216092,0.8725,400,22,28,350,40,-0.3229755563110427,0.08180318251605856,0.27710639709364726
drax,ls-dev-other,ROVER@T=0.1 vs ROVER@main,rover_cg@ref/k4,rover_cg@main/k16,5.609284332688588,5.47112462006079,0.13815971262779772,-0.20520186967867707,0.4727931217453848,0.17385430512850675,0.2245,400,42,33,325,33,-0.14948916046387137,0.4071865037091491,0.3124974458034214
drax,ls-tc-babble0,ROVER@T=0.1 vs ROVER@main,rover_cg@ref/k4,rover_cg@main/k16,34.95259669435355,36.85711888581257,-1.904522191459015,-2.7478227760490856,-1.077509580999004,0.42756634576462155,1.0,600,139,226,235,40,-2.788115720716273,-1.0521908896225185,2.228509083542847e-06
drax,ls-tc-babble10,ROVER@T=0.1 vs ROVER@main,rover_cg@ref/k4,rover_cg@main/k16,4.178202869368236,4.111083144559108,0.06711972480912828,-0.13801341311884457,0.27935428121004807,0.10614775172091596,0.299,600,58,54,488,40,-0.1322762991340973,0.2753541560729455,0.5577072007027019
drax,ls-tc-babble5,ROVER@T=0.1 vs ROVER@main,rover_cg@ref/k4,rover_cg@main/k16,8.952093296417484,9.421931370081383,-0.46983807366389796,-0.789276009852243,-0.15563946239432935,0.1642142127638907,0.997,600,75,111,414,40,-0.8297938122252897,-0.12979569707003974,0.003937003090586364
drax,ls-tc-white5,ROVER@T=0.1 vs ROVER@main,rover_cg@ref/k4,rover_cg@main/k16,6.770702240120816,7.022401208155046,-0.2516989680342311,-0.5289299632481889,0.00822691607046539,0.13052262935938255,0.974,600,70,85,445,40,-0.5451921454004219,0.025862694326619837,0.06584575144468398
drax,ls-test-clean,ROVER@T=0.1 vs ROVER@main,rover_cg@ref/k4,rover_cg@main/k16,2.3491903683194897,2.4079201275274773,-0.058729759207987245,-0.23611354325953238,0.10698597932659423,0.08913121405176613,0.7585,600,33,33,534,40,-0.22093493562809763,0.08321544478655238,0.5623298218983204
drax,ls-test-other,ROVER@T=0.1 vs ROVER@main,rover_cg@ref/k4,rover_cg@main/k16,5.824785922649854,5.730685988519808,0.09409993413004611,-0.13000936435543253,0.3269032925573742,0.11853805290860932,0.2235,600,65,55,480,33,-0.08729550100945138,0.27519322954838893,0.4305838070314446
drax,slr83,ROVER@T=0.1 vs ROVER@main,rover_cg@ref/k4,rover_cg@main/k16,7.049576783555018,6.831922611850061,0.21765417170495768,-0.07085650127910025,0.49213927558780085,0.14309470443184785,0.0705,600,58,42,500,24,-0.012482801741827317,0.5007302769405957,0.18369477977704296
drax,spgispeech,ROVER@T=0.1 vs ROVER@main,rover_cg@ref/k4,rover_cg@main/k16,7.666433076384022,7.561317449194114,0.1051156271899089,-0.1119907049855396,0.34233189658793955,0.11533980281647925,0.1885,600,100,85,415,416,-0.11724268116656429,0.330625647344548,0.4349967650118943
drax,voxpopuli,ROVER@T=0.1 vs ROVER@main,rover_cg@ref/k4,rover_cg@main/k16,7.699460665798773,7.652966338106751,0.046494327692021574,-0.16870212940155566,0.2563506123409669,0.10940952132535578,0.349,600,57,54,489,296,-0.171769603880557,0.2742526756398211,0.5991413824292248
whisfusion,ami,Whisfusion upstream (K=15 confidence) vs ROVER@main,conf@main/k15,rover_cg@main/k32,37.49662800107904,33.261397356352845,4.235230644726194,3.166421432559381,5.390699309018328,0.5728946057583844,0.0,400,133,41,226,16,3.2225706063287975,5.1484993419839,2.7344170582430764e-11
whisfusion,common_voice,Whisfusion upstream (K=15 confidence) vs ROVER@main,conf@main/k15,rover_cg@main/k32,33.19327731092437,28.953399541634834,4.239877769289534,3.060754396943548,5.418016279948857,0.6153448370028722,0.0,296,90,26,180,296,,,4.2532661380963063e-10
whisfusion,earnings22,Whisfusion upstream (K=15 confidence) vs ROVER@main,conf@main/k15,rover_cg@main/k32,40.10711553175211,34.39938791124713,5.707727620504973,4.88633502648335,6.550846513978795,0.4232112274165683,0.0,400,216,43,141,6,4.78312384810607,6.378355247569699,1.1846473268587744e-28
whisfusion,fleurs-en,Whisfusion upstream (K=15 confidence) vs ROVER@main,conf@main/k15,rover_cg@main/k32,28.269848554382744,23.474070674621387,4.795777879761358,4.249894292835241,5.359292340861803,0.2928817160775587,0.0,400,243,27,130,280,4.166858751315948,5.441830194863371,2.8051284076205884e-36
whisfusion,gigaspeech,Whisfusion upstream (K=15 confidence) vs ROVER@main,conf@main/k15,rover_cg@main/k32,25.9254327563249,21.4780292942743,4.447403462050599,3.719098227923491,5.13526103191244,0.3602050272268168,0.0,400,200,48,152,112,3.6256695845523024,5.234575012800819,2.601560888698574e-25
whisfusion,ls-dev-clean,Whisfusion upstream (K=15 confidence) vs ROVER@main,conf@main/k15,rover_cg@main/k32,7.304485907105994,5.319571258435888,1.9849146486701073,1.5342276210618837,2.4738182321175572,0.24115345509730185,0.0,400,112,26,262,40,1.4350478390954027,2.529045826222626,5.282648626218725e-14
whisfusion,ls-dev-other,Whisfusion upstream (K=15 confidence) vs ROVER@main,conf@main/k15,rover_cg@main/k32,16.150870406189554,12.627797734180714,3.5230726720088423,2.862354661755558,4.177794609119834,0.3372536774490169,0.0,400,162,37,201,33,2.65073395888473,4.448414946118087,5.0378360502440036e-20
whisfusion,ls-tc-babble0,Whisfusion upstream (K=15 confidence) vs ROVER@main,conf@main/k15,rover_cg@main/k32,69.39232011929911,58.28258978501305,11.10973033428607,10.00896835135333,12.229913177945436,0.5680083028062314,0.0,400,273,39,88,40,9.749302055041884,12.484371036808257,4.940135238856394e-41
whisfusion,ls-tc-babble10,Whisfusion upstream (K=15 confidence) vs ROVER@main,conf@main/k15,rover_cg@main/k32,16.70187647570523,11.395551137069715,5.306325338635516,4.58330378256579,6.011919459193671,0.3811240281890319,0.0,400,197,32,171,40,4.456973169074749,6.241344625943116,6.796894762012554e-29
whisfusion,ls-tc-babble5,Whisfusion upstream (K=15 confidence) vs ROVER@main,conf@main/k15,rover_cg@main/k32,32.819684354417795,24.4066111594383,8.413073194979496,7.490204861483538,9.348019654056312,0.46582107441286835,0.0,400,241,31,128,40,7.1952786812212,9.614508618584704,2.0935599782360294e-38
whisfusion,ls-tc-white5,Whisfusion upstream (K=15 confidence) vs ROVER@main,conf@main/k15,rover_cg@main/k32,24.754566919348825,18.963588915123648,5.7909780042251775,5.01547189272821,6.565841622431167,0.39748805985560626,0.0,400,211,29,160,40,5.06236739491564,6.559906007090235,1.919131348426458e-31
whisfusion,ls-test-clean,Whisfusion upstream (K=15 confidence) vs ROVER@main,conf@main/k15,rover_cg@main/k32,7.754442649434572,5.505157201441531,2.249285447993041,1.7175771496066343,2.793883135566751,0.279124239831128,0.0,400,113,23,264,40,1.6767417034185326,2.82554490054931,2.307738656656599e-15
whisfusion,ls-test-other,Whisfusion upstream (K=15 confidence) vs ROVER@main,conf@main/k15,rover_cg@main/k32,15.873690172755593,11.922967997734354,3.9507221750212405,3.3393177932256246,4.552578748639018,0.3052552982331697,0.0,400,161,21,218,33,3.270241003471857,4.710891875547211,3.0723005518592924e-25
whisfusion,slr83,Whisfusion upstream (K=15 confidence) vs ROVER@main,conf@main/k15,rover_cg@main/k32,20.69218091924556,17.048159677714704,3.6440212415308553,2.948663880949862,4.344204652756632,0.35575314504610595,0.0,400,158,31,211,24,2.9775362080559287,4.395209936743235,9.033514615744432e-20
whisfusion,spgispeech,Whisfusion upstream (K=15 confidence) vs ROVER@main,conf@main/k15,rover_cg@main/k32,20.461634435433563,14.878353087960075,5.583281347473487,4.998313861285527,6.162532881876647,0.2903947169179234,0.0,400,262,26,112,302,4.999869927159209,6.146469413102714,2.851240411498817e-40
whisfusion,voxpopuli,Whisfusion upstream (K=15 confidence) vs ROVER@main,conf@main/k15,rover_cg@main/k32,21.817684095264166,18.05365453052286,3.7640295647413087,3.1429264804183705,4.403185338462465,0.31631386741350165,0.0,400,172,30,198,231,3.144723381029748,4.365230731467844,1.4979239788465353e-23
whisfusion,ami,Whisfusion upstream vs ROVER at the same K=15,conf@main/k15,rover_cg@main/k15,37.49662800107904,33.531157270029674,3.965470731049366,2.8843543443729676,5.0655242617244225,0.5570055332233849,0.0,400,120,38,242,16,2.9844955317759374,4.74260618881699,2.0269401472949992e-10
whisfusion,common_voice,Whisfusion upstream vs ROVER at the same K=15,conf@main/k15,rover_cg@main/k15,33.19327731092437,29.488158899923604,3.705118411000764,2.576488496433061,4.9425970763202765,0.6130321270614358,0.0,296,90,28,178,296,,,2.1944720438722213e-08
whisfusion,earnings22,Whisfusion upstream vs ROVER at the same K=15,conf@main/k15,rover_cg@main/k15,40.10711553175211,35.07268553940321,5.03442999234889,4.2051236040601765,5.932601453479351,0.42753012811109564,0.0,400,199,49,152,6,3.9702942016566696,6.1796749419539205,9.02240271845579e-24
whisfusion,fleurs-en,Whisfusion upstream vs ROVER at the same K=15,conf@main/k15,rover_cg@main/k15,28.269848554382744,23.79531895364846,4.474529600734281,3.8504103475233187,5.117074275362318,0.32554453193490895,0.0,400,228,42,130,280,3.8267149949164017,5.1394319862692095,1.558224949922809e-31
whisfusion,gigaspeech,Whisfusion upstream vs ROVER at the same K=15,conf@main/k15,rover_cg@main/k15,25.9254327563249,21.544607190412783,4.380825565912117,3.6928054172403657,5.070248162360854,0.35097720415523237,0.0,400,189,40,171,112,3.577015504284251,5.169682674525189,1.6140834241275644e-25
whisfusion,ls-dev-clean,Whisfusion upstream vs ROVER at the same K=15,conf@main/k15,rover_cg@main/k15,7.304485907105994,5.478364430329496,1.8261214767764986,1.3930952825742684,2.299521766993694,0.22994812203620643,0.0,400,108,24,268,40,1.3010505715066412,2.358662964765478,4.27916218839515e-13
whisfusion,ls-dev-other,Whisfusion upstream vs ROVER at the same K=15,conf@main/k15,rover_cg@main/k15,16.150870406189554,12.89030118817353,3.2605692180160264,2.6430401421071794,3.919180416894078,0.3281942830905842,0.0,400,153,34,213,33,2.3941713919342456,4.138139102981971,5.118612147181417e-18
whisfusion,ls-tc-babble0,Whisfusion upstream vs ROVER at the same K=15,conf@main/k15,rover_cg@main/k15,69.39232011929911,58.65539952777433,10.736920591524791,9.621328565421814,11.8384019774685,0.5631004621286151,0.0,400,261,36,103,40,9.408403511190812,12.138031691693051,1.888851787642571e-40
whisfusion,ls-tc-babble10,Whisfusion upstream vs ROVER at the same K=15,conf@main/k15,rover_cg@main/k15,16.70187647570523,11.693798931278737,5.008077544426494,4.312197974805408,5.736254063888751,0.3712448888900928,0.0,400,193,26,181,40,4.197628311053617,5.8786588379940605,1.5484387018136123e-28
whisfusion,ls-tc-babble5,Whisfusion upstream vs ROVER at the same K=15,conf@main/k15,rover_cg@main/k15,32.819684354417795,25.375916490617623,7.443767863800174,6.541615170065069,8.354480118521147,0.4700578850654567,0.0,400,221,38,141,40,6.286390943970962,8.565024731589268,2.7458875844746914e-33
whisfusion,ls-tc-white5,Whisfusion upstream vs ROVER at the same K=15,conf@main/k15,rover_cg@main/k15,24.754566919348825,19.410960606437182,5.3436063129116445,4.552140451048252,6.165846899085814,0.4054397354548715,0.0,400,193,33,174,40,4.428420395209155,6.27195855078537,1.1419473125509834e-27
whisfusion,ls-test-clean,Whisfusion upstream vs ROVER at the same K=15,conf@main/k15,rover_cg@main/k15,7.754442649434572,5.554865167143035,2.199577482291537,1.6641420813906849,2.771219212444756,0.28024890286447024,0.0,400,112,23,265,40,1.6348182919255736,2.7371948866116216,6.318092322112137e-15
whisfusion,ls-test-other,Whisfusion upstream vs ROVER at the same K=15,conf@main/k15,rover_cg@main/k15,15.873690172755593,12.192013593882752,3.6816765788728407,3.080503938390135,4.259464773468255,0.3069347658715565,0.0,400,147,18,235,33,3.077600704922859,4.365849987866924,1.7736792652658805e-22
whisfusion,slr83,Whisfusion upstream vs ROVER at the same K=15,conf@main/k15,rover_cg@main/k15,20.69218091924556,17.487639626442043,3.204541292803516,2.5365251079093496,3.8747865318932884,0.3444702812410297,0.0,400,144,25,231,24,2.5229299937973875,3.9960490625528156,5.499425851595394e-18
whisfusion,spgispeech,Whisfusion upstream vs ROVER at the same K=15,conf@main/k15,rover_cg@main/k15,20.461634435433563,15.169473903098357,5.292160532335205,4.706225964839051,5.83493849524281,0.2832251642226898,0.0,400,259,28,113,302,4.745997847305656,5.846255253133671,1.9079537343991638e-39
whisfusion,voxpopuli,Whisfusion upstream vs ROVER at the same K=15,conf@main/k15,rover_cg@main/k15,21.817684095264166,18.62852450041062,3.189159594853545,2.590102263350542,3.8250770217758787,0.3184286175342395,0.0,400,153,37,210,231,2.5360626449096424,3.84223130444236,1.5191671924023404e-18
