model,precision,arm,norm,a,b,n_sig_positive,n_sig_negative,k_sets,pooled,ci_low,ci_high,tau2,I2,n_positive
drax,,main,legacy,cm05,rover_cg,16,0,19,0.713867704418826,0.49304348069067777,0.9346919281469741,0.2097901910744205,0.9155920894841041,19
drax,,main,legacy,conf,mbr,19,0,19,1.1697179873347214,0.9607170455553633,1.3787189291140796,0.16237282442722215,0.8154822837764912,19
drax,,main,legacy,conf,rover_c,19,0,19,1.7665168009003538,1.4215579489375385,2.111475652863169,0.5229219239348966,0.9309923748569303,19
drax,,main,legacy,conf,rover_cg,19,0,19,1.7270958751859262,1.3701600874811315,2.084031662890721,0.5630841049659884,0.9333295904105088,19
drax,,main,legacy,conf,rover_freq,19,0,19,1.8635010548799418,1.4791831611219421,2.247818948637941,0.6602449753080375,0.9421284267397062,19
drax,,main,legacy,first,conf,19,0,19,4.070706030196283,3.5262806004925547,4.615131459900011,1.2685591267566856,0.916413163603791,19
drax,,main,legacy,first,rover_cg,19,0,19,5.998399778116021,5.172514255973391,6.824285300258651,3.1482546319576583,0.964974667286491,19
drax,,main,legacy,mbr,rover_cg,12,0,19,0.5216987338859999,0.3038880707394921,0.7395093970325076,0.21539888692217488,0.9450702543139432,17
drax,,main,legacy,rover_freq,rover_cg,0,6,19,-0.11676245743612088,-0.1947751861735015,-0.03874972869874024,0.020104634249843902,0.7130018048954853,4
drax,,main,whisper,cm05,rover_cg,4,14,19,-1.9065029350589964,-2.828637610499256,-0.9843682596187368,4.112387242670912,0.9863087953988242,4
drax,,main,whisper,conf,mbr,18,0,19,0.9776928570131779,0.7978810243908625,1.1575046896354932,0.10712724143206796,0.7340842665547077,19
drax,,main,whisper,conf,rover_c,5,9,19,-0.974882879812523,-1.9522585639229852,0.0024928042979392995,4.594903020098618,0.983427226531697,7
drax,,main,whisper,conf,rover_cg,5,9,19,-1.017150201749123,-2.002973593772673,-0.03132680972557278,4.6767707216228,0.9834911530770158,6
drax,,main,whisper,conf,rover_freq,5,9,19,-0.9315936269333832,-1.9272754298791188,0.0640881760123524,4.7702811329707036,0.9836200089138185,7
drax,,main,whisper,first,conf,19,0,19,4.089510869605491,3.541942277261157,4.637079461949826,1.286256765689936,0.9168779147058832,19
drax,,main,whisper,first,rover_cg,15,1,19,3.3223065611707683,2.041304544016842,4.603308578324695,7.821206268405366,0.9807393675314235,16
drax,,main,whisper,mbr,rover_cg,3,15,19,-2.067900518328306,-2.920572185160604,-1.215228851496008,3.5139074997660975,0.987399306760389,4
drax,,main,whisper,rover_freq,rover_cg,0,3,19,-0.0633414918152884,-0.13289257761301182,0.006209593982435022,0.014373396508245866,0.6465496835558311,6
drax,,ref,legacy,cm05,rover_cg,5,1,19,0.024615290449432583,-0.06926476278849157,0.11849534368735674,0.03231978187577128,0.7955894470247227,10
drax,,ref,legacy,conf,mbr,7,0,19,0.2002305622283833,0.12103289335162805,0.2794282311051386,0.011393735586518416,0.3969840636936631,15
drax,,ref,legacy,conf,rover_c,10,0,19,0.2661879461702734,0.1901039581280363,0.34227193421251056,0.011209649252600757,0.4291334647380584,18
drax,,ref,legacy,conf,rover_cg,8,0,19,0.1995118661074406,0.10785636981756136,0.29116736239731983,0.021949393953682325,0.5794338716677716,15
drax,,ref,legacy,conf,rover_freq,8,0,19,0.26261138978528,0.1952266535011812,0.3299961260693788,0.005421945087366551,0.25696920885628377,19
drax,,ref,legacy,first,conf,7,0,19,0.22104325692179727,0.1424159911791443,0.29967052266445027,0.00729569925230645,0.2570631937610883,18
drax,,ref,legacy,first,rover_cg,14,0,19,0.4628665818469107,0.3338736339771493,0.5918595297166721,0.05751022296217175,0.7590120627265677,18
drax,,ref,legacy,mbr,rover_cg,2,1,19,0.022936621682958187,-0.07794319514850659,0.12381643851442295,0.03922603066300733,0.8209180354813275,12
drax,,ref,legacy,rover_freq,rover_cg,0,4,19,-0.06752637396131662,-0.11367065243477545,-0.021382095487857793,0.005070761256522768,0.5263404258135471,5
drax,,ref,whisper,cm05,rover_cg,0,16,19,-2.728030710215151,-3.5556660759281726,-1.9003953445021293,3.314935405935975,0.987802080202242,1
drax,,ref,whisper,conf,mbr,3,0,19,0.12986547128524084,0.06704780178029943,0.19268314079018226,0.0020886003722960793,0.10906918939160842,16
drax,,ref,whisper,conf,rover_c,1,16,19,-2.5250648844136356,-3.3710143580061116,-1.6791154108211594,3.4551351125794025,0.9859342826691601,2
drax,,ref,whisper,conf,rover_cg,1,16,19,-2.593659909431786,-3.451554580039537,-1.735765238824035,3.5553275779394866,0.9859167567939651,2
drax,,ref,whisper,conf,rover_freq,1,16,19,-2.537854099847432,-3.386529273745613,-1.6891789259492507,3.4773391074407023,0.9857420639134616,2
drax,,ref,whisper,first,conf,5,0,19,0.21974529207101098,0.1545448665101773,0.2849457176318447,0.0012242491178531235,0.058154634370029865,19
drax,,ref,whisper,first,rover_cg,3,15,19,-2.3131066175731045,-3.1978971333570962,-1.4283161017891128,3.7848769700237823,0.9860219311808712,3
drax,,ref,whisper,mbr,rover_cg,0,15,19,-2.6883396830994744,-3.507735685247307,-1.8689436809516415,3.247952076894344,0.98756703461808,1
drax,,ref,whisper,rover_freq,rover_cg,0,4,19,-0.040563543651451386,-0.08331016017163238,0.0021830728687296103,0.0037643634686723246,0.45780725866311983,6
parakeet-ctc,,greedy,whisper,cm05,rover_cg,0,7,7,-2.6632482684928465,-3.57211964610049,-1.754376890885203,1.2771574875457974,0.8883496171794737,0
parakeet-ctc,,greedy,whisper,conf,rover_c,0,7,7,-2.6632482684928465,-3.57211964610049,-1.754376890885203,1.2771574875457974,0.8883496171794737,0
parakeet-ctc,,greedy,whisper,conf,rover_cg,0,7,7,-2.6632482684928465,-3.57211964610049,-1.754376890885203,1.2771574875457974,0.8883496171794737,0
parakeet-ctc,,greedy,whisper,conf,rover_freq,0,7,7,-2.6632482684928465,-3.57211964610049,-1.754376890885203,1.2771574875457974,0.8883496171794737,0
parakeet-ctc,,greedy,whisper,first,rover_cg,0,7,7,-2.6632482684928465,-3.57211964610049,-1.754376890885203,1.2771574875457974,0.8883496171794737,0
parakeet-ctc,,greedy,whisper,mbr,rover_cg,0,7,7,-2.6632482684928465,-3.57211964610049,-1.754376890885203,1.2771574875457974,0.8883496171794737,0
parakeet-ctc,,sample,legacy,cm05,rover_cg,5,0,7,0.3547747704336067,0.13905503435471803,0.5704945065124954,0.047411353811372556,0.6359520632927688,6
parakeet-ctc,,sample,legacy,conf,mbr,6,0,7,1.1708601366272533,0.6006399776130628,1.741080295641444,0.4911209468698713,0.8926362518547494,7
parakeet-ctc,,sample,legacy,conf,rover_c,7,0,7,1.4900519512659085,0.8637513916522138,2.116352510879603,0.6131857678650637,0.9072744631072617,7
parakeet-ctc,,sample,legacy,conf,rover_cg,7,0,7,1.5026694358363628,0.8607667986754478,2.1445720729972777,0.6529140957271768,0.9120559074222033,7
parakeet-ctc,,sample,legacy,conf,rover_freq,7,0,7,1.4993193079691998,0.8458300064869999,2.1528086094514,0.6634341817705899,0.9105627562871482,7
parakeet-ctc,,sample,legacy,first,conf,5,0,7,1.3350631087479103,0.6765973549148674,1.9935288625809533,0.5767972132160577,0.7976452779011601,7
parakeet-ctc,,sample,legacy,first,rover_cg,7,0,7,2.852424751467096,1.8528307851143162,3.852018717819876,1.6007825261121742,0.9238916392627721,7
parakeet-ctc,,sample,legacy,mbr,rover_cg,4,0,7,0.2462654186318506,0.03899132793557647,0.45353950932812476,0.049147024359057545,0.7348607700958066,5
parakeet-ctc,,sample,legacy,rover_freq,rover_cg,0,0,7,-0.017882149291543796,-0.10180718807465694,0.06604288949156933,0.0012420324155153126,0.08921953016602933,3
parakeet-ctc,,sample,whisper,cm05,rover_cg,0,7,7,-2.0614148331778654,-2.896509767676624,-1.2263198986791068,1.034725756759101,0.8539964357825092,0
parakeet-ctc,,sample,whisper,conf,mbr,6,0,7,1.1954729917749491,0.6049224151041629,1.7860235684457355,0.5263777545046964,0.8881003152302642,7
parakeet-ctc,,sample,whisper,conf,rover_c,0,3,7,-0.9628107143440187,-1.6004339542075048,-0.32518747448053265,0.48446953933993864,0.7041245294260541,0
parakeet-ctc,,sample,whisper,conf,rover_cg,0,3,7,-0.9549731728896432,-1.6243908318320184,-0.2855555139472682,0.5573401858517637,0.7314992075957258,0
parakeet-ctc,,sample,whisper,conf,rover_freq,0,2,7,-0.9472177697222061,-1.5199941725682917,-0.3744413668761205,0.34166437965008095,0.6193566843862969,0
parakeet-ctc,,sample,whisper,first,conf,4,0,7,1.3637962218957072,0.6948368996176234,2.032755544173791,0.603124464133852,0.8016420744523982,7
parakeet-ctc,,sample,whisper,first,rover_cg,3,1,7,0.4108882878361536,-0.7556950085641064,1.5774715842364135,2.0832138699501335,0.8777375679061835,3
parakeet-ctc,,sample,whisper,mbr,rover_cg,0,7,7,-2.2691709093676242,-3.281837664897761,-1.2565041538374873,1.6251973616305928,0.9049132115798822,0
parakeet-ctc,,sample,whisper,rover_freq,rover_cg,0,1,7,0.002538865124290459,-0.10886591017266076,0.11394364042124167,0.00609773691222157,0.301143725586704,3
whisfusion,,main,legacy,cm05,rover_cg,14,0,14,3.0156859202552293,2.351042820672691,3.6803290198377674,1.5112648288347954,0.9534626246664036,14
whisfusion,,main,legacy,conf,mbr,14,0,14,1.6349968215187098,1.318446397335617,1.9515472457018026,0.25391154630876056,0.7379609894753602,14
whisfusion,,main,legacy,conf,rover_c,14,0,14,4.38368561240874,3.546020650530885,5.221350574286595,2.3986321829575443,0.9500475254120537,14
whisfusion,,main,legacy,conf,rover_cg,14,0,14,4.42852965257425,3.596032034460988,5.261027270687512,2.3680395764086715,0.9496655420100714,14
whisfusion,,main,legacy,conf,rover_freq,14,0,14,3.7023935589423718,2.9779089563950474,4.426878161489697,1.7573724201989447,0.9348618251020311,14
whisfusion,,main,legacy,first,conf,14,0,14,7.44487654295689,6.7638559931731805,8.1258970927406,1.3563859961127556,0.8228361157577575,14
whisfusion,,main,legacy,first,rover_cg,14,0,14,11.980007077501291,10.627437716999095,13.332576438003487,6.319013913725974,0.9546801575611117,14
whisfusion,,main,legacy,mbr,rover_cg,14,0,14,2.771902461693344,2.174667515457888,3.3691374079288,1.2271394716718478,0.9550159165121175,14
whisfusion,,main,legacy,rover_freq,rover_cg,13,0,14,0.6426742516907994,0.4748323581529186,0.8105161452286802,0.07603090945367033,0.8032060232091187,14
whisfusion,,main,whisper,cm05,rover_cg,9,2,14,1.4017576516105519,0.3746712657482649,2.428844037472839,3.670748592708115,0.9641515291814523,11
whisfusion,,main,whisper,conf,mbr,12,0,14,1.5158341979724987,1.1823387173371096,1.8493296786078879,0.28690913151790004,0.7496556406604897,14
whisfusion,,main,whisper,conf,rover_c,10,1,14,2.7179925750419076,1.5436173793277592,3.892367770756056,4.794122077887563,0.9620880346710353,12
whisfusion,,main,whisper,conf,rover_cg,11,1,14,2.765725738277506,1.5994926255475717,3.9319588510074404,4.726134077244722,0.9617649448835588,12
whisfusion,,main,whisper,conf,rover_freq,10,1,14,2.0228839747223994,0.9622168467311409,3.083551102713658,3.8703802969965655,0.9539378284604086,12
whisfusion,,main,whisper,first,conf,14,0,14,7.641914923511421,6.8723510666022865,8.411478780420556,1.8123845106274106,0.8575056106631787,14
whisfusion,,main,whisper,first,rover_cg,14,0,14,10.478009402719387,8.886006642671443,12.07001216276733,8.808135927263718,0.9601314372802668,14
whisfusion,,main,whisper,mbr,rover_cg,8,2,14,1.2426535933964649,0.2573067108065922,2.2280004759863377,3.397001443449362,0.9664731865329557,11
whisfusion,,main,whisper,rover_freq,rover_cg,13,0,14,0.6658891334678742,0.486463255631484,0.8453150113042642,0.0893034741224112,0.8254005568010963,14
whisper-small,,beam,legacy,cm05,rover_cg,0,1,7,-0.058470620721890805,-0.2531611442440659,0.13621990280028426,0.02911923690457238,0.4887082066897371,3
whisper-small,,beam,legacy,conf,mbr,0,0,7,0.04642735843701319,-0.12252080612360945,0.21537552299763585,0.0,0.0,5
whisper-small,,beam,legacy,conf,rover_c,1,0,7,0.003940833059877871,-0.17756847709446688,0.1854501432142226,0.007061590127080218,0.10512865029029908,4
whisper-small,,beam,legacy,conf,rover_cg,0,0,7,0.023609096064818397,-0.14383831784262438,0.19105650997226117,0.0029590492480572415,0.04523224683541446,5
whisper-small,,beam,legacy,conf,rover_freq,1,0,7,0.06695178560556192,-0.08241282119461865,0.2163163924057425,0.0,0.0,5
whisper-small,,beam,legacy,first,conf,0,1,7,-0.1186759763063583,-0.2222139771223811,-0.015137975490335506,0.0,0.0,1
whisper-small,,beam,legacy,first,rover_cg,0,0,7,-0.040862450149496514,-0.21568355954029053,0.1339586592412975,0.009649332640670194,0.1754124567139727,3
whisper-small,,beam,legacy,mbr,rover_cg,0,1,7,-0.04019660800379663,-0.15428235389312175,0.0738891378855285,0.0013030662007443771,0.04929189714887957,2
whisper-small,,beam,legacy,rover_freq,rover_cg,0,1,7,-0.05731516544683743,-0.2151315494145768,0.10050121852090194,0.018045820596932043,0.45814746205425216,2
whisper-small,,beam,whisper,cm05,rover_cg,0,6,7,-2.6454875014052277,-3.403380049620633,-1.8875949531898226,0.7100617375943168,0.7928301755733345,0
whisper-small,,beam,whisper,conf,mbr,0,0,7,0.017176033287495646,-0.15025072283644547,0.18460278941143676,0.0,0.0,4
whisper-small,,beam,whisper,conf,rover_c,0,5,7,-2.41265556544759,-3.0587359727912915,-1.7665751581038884,0.38426717969867086,0.6449604384180271,0
whisper-small,,beam,whisper,conf,rover_cg,0,5,7,-2.4211078201245826,-3.0870067578196396,-1.7552088824295256,0.4205248719806726,0.6617636378724576,0
whisper-small,,beam,whisper,conf,rover_freq,0,5,7,-2.414305550933021,-3.0997781464333714,-1.728832955432671,0.45147480494301806,0.6787725923765632,0
whisper-small,,beam,whisper,first,conf,0,0,7,-0.03542829561051999,-0.1392694624551106,0.06841287123407064,0.0,0.0,4
whisper-small,,beam,whisper,first,rover_cg,0,5,7,-2.3786106802387144,-2.991411452205597,-1.765809908271832,0.3502576485581389,0.6300346737892136,0
whisper-small,,beam,whisper,mbr,rover_cg,0,7,7,-2.5848695802153316,-3.2737934164445788,-1.8959457439860845,0.559488863070059,0.7583392448965552,0
whisper-small,,beam,whisper,rover_freq,rover_cg,0,1,7,-0.04167429305970275,-0.1656312197105158,0.08228263359111032,0.006339313477444936,0.23657756078721104,3
whisper-small,,greedy,whisper,cm05,rover_cg,0,7,7,-3.068586897131717,-4.147966578390426,-1.9892072158730083,1.9273244812160086,0.9353416868136679,0
whisper-small,,greedy,whisper,conf,rover_c,0,7,7,-3.068586897131717,-4.147966578390426,-1.9892072158730083,1.9273244812160086,0.9353416868136679,0
whisper-small,,greedy,whisper,conf,rover_cg,0,7,7,-3.068586897131717,-4.147966578390426,-1.9892072158730083,1.9273244812160086,0.9353416868136679,0
whisper-small,,greedy,whisper,conf,rover_freq,0,7,7,-3.068586897131717,-4.147966578390426,-1.9892072158730083,1.9273244812160086,0.9353416868136679,0
whisper-small,,greedy,whisper,first,rover_cg,0,7,7,-3.068586897131717,-4.147966578390426,-1.9892072158730083,1.9273244812160086,0.9353416868136679,0
whisper-small,,greedy,whisper,mbr,rover_cg,0,7,7,-3.068586897131717,-4.147966578390426,-1.9892072158730083,1.9273244812160086,0.9353416868136679,0
whisper-small,,sample,legacy,cm05,rover_cg,0,0,7,-0.05716086416306969,-0.18570152011927027,0.07137979179313088,0.0,0.0,0
whisper-small,,sample,legacy,conf,mbr,0,1,7,-0.4437417178064009,-1.6739552990754383,0.7864718634626364,1.2072790256070833,0.5516814960187555,4
whisper-small,,sample,legacy,conf,rover_c,0,1,7,-0.011147185741559498,-1.1403604224535935,1.1180660509704745,0.9006797276232518,0.4716456935570323,5
whisper-small,,sample,legacy,conf,rover_cg,0,1,7,-0.16810314121467673,-1.2709133062517999,0.9347070238224464,0.813089741490546,0.4391925157720736,5
whisper-small,,sample,legacy,conf,rover_freq,1,1,7,-0.2697655637080937,-1.383107448016768,0.8435763206005807,0.905936506140108,0.4952285247782984,4
whisper-small,,sample,legacy,first,conf,3,0,7,1.324432571526151,-0.02476834457193333,2.673633487624235,1.6475057564066364,0.6742493397836087,4
whisper-small,,sample,legacy,first,rover_cg,2,0,7,0.9932922991679374,0.3792023834496282,1.6073822148862464,0.3144407924320395,0.550897997665986,7
whisper-small,,sample,legacy,mbr,rover_cg,2,0,7,0.18927774519633564,-0.032203723089975406,0.41075921348264666,0.04581219536353464,0.6075495850949111,5
whisper-small,,sample,legacy,rover_freq,rover_cg,0,1,7,-0.010700738267444467,-0.19574004649424603,0.1743385699593571,0.028780871604700997,0.546584357611934,5
whisper-small,,sample,whisper,cm05,rover_cg,0,7,7,-3.2961783356940892,-4.457979781480333,-2.1343768899078457,2.1384139130859365,0.918439891649733,0
whisper-small,,sample,whisper,conf,mbr,0,1,7,-0.5949135254162017,-1.8696010496575404,0.679773998825137,1.2894824963154787,0.5535251512123441,3
whisper-small,,sample,whisper,conf,rover_c,0,4,7,-2.651056541813111,-4.288680634231489,-1.0134324493947326,2.635284124620881,0.6864650090395605,1
whisper-small,,sample,whisper,conf,rover_cg,0,4,7,-2.817287904549769,-4.4249595342632935,-1.2096162748362447,2.4989824857559078,0.6739666679426057,1
whisper-small,,sample,whisper,conf,rover_freq,0,4,7,-2.852130617902125,-4.439594932217508,-1.264666303586742,2.423456311919294,0.6719416937838948,1
whisper-small,,sample,whisper,first,conf,3,0,7,1.3929780209793883,0.03787529512961885,2.7480807468291575,1.6289938296682462,0.66582058428961,4
whisper-small,,sample,whisper,first,rover_cg,0,4,7,-1.7851866653983623,-2.86454485642531,-0.7058284743714145,1.448780723158504,0.7810470970983805,0
whisper-small,,sample,whisper,mbr,rover_cg,0,7,7,-2.71298081271305,-3.795662213944163,-1.6302994114819371,1.8972953675841129,0.9198089233923259,0
whisper-small,,sample,whisper,rover_freq,rover_cg,0,1,7,-0.0072682860880289805,-0.1585833349160982,0.14404676274004022,0.013984371626450241,0.3768229054026442,4
whisper-turbo,,beam,legacy,cm05,rover_cg,0,2,7,-0.1626394646193654,-0.3809153046034448,0.05563637536471397,0.05629054538912828,0.7355511516928476,2
whisper-turbo,,beam,legacy,conf,mbr,0,0,7,0.008066393505984475,-0.11856115988203961,0.13469394689400857,0.0,0.0,4
whisper-turbo,,beam,legacy,conf,rover_c,0,0,7,0.009904198333371458,-0.10652828742333598,0.1263366840900789,0.0,0.0,3
whisper-turbo,,beam,legacy,conf,rover_cg,0,0,7,-0.008805205804079811,-0.13636452039324204,0.11875410878508241,0.0015989192484852032,0.049662398203479,4
whisper-turbo,,beam,legacy,conf,rover_freq,0,1,7,-0.02634597253291469,-0.18638380027529142,0.13369185520946206,0.013742142211041806,0.3265717458861754,4
whisper-turbo,,beam,legacy,first,conf,0,1,7,0.00714411783338317,-0.11644368318981407,0.13073191885658042,0.008860307951728886,0.3397436182538004,4
whisper-turbo,,beam,legacy,first,rover_cg,0,1,7,0.00039033948340253834,-0.1637247805857106,0.16450545955251566,0.01610991726255703,0.3650561478129986,4
whisper-turbo,,beam,legacy,mbr,rover_cg,0,2,7,-0.13220298142108372,-0.36872655321336106,0.10432059037119362,0.07102424795343758,0.7730398827461444,3
whisper-turbo,,beam,legacy,rover_freq,rover_cg,1,1,7,-0.07406621755543552,-0.28430942330624376,0.1361769881953727,0.056738355405299506,0.7768931923666847,3
whisper-turbo,,beam,whisper,cm05,rover_cg,0,7,7,-3.7698144620400305,-5.1336129297264925,-2.406015994353568,3.1634798994154547,0.9535722940925043,0
whisper-turbo,,beam,whisper,conf,mbr,1,1,7,0.0027291338710174564,-0.24160908632782488,0.24706735406985977,0.06005543268698903,0.6941316323762836,5
whisper-turbo,,beam,whisper,conf,rover_c,0,7,7,-2.8890669138342675,-3.6989181192744973,-2.0792157083940377,0.8543545220218586,0.8283061783683617,0
whisper-turbo,,beam,whisper,conf,rover_cg,0,7,7,-2.9022901948320916,-3.6886733022951015,-2.1159070873690817,0.7964985645216155,0.8209917876183309,0
whisper-turbo,,beam,whisper,conf,rover_freq,0,7,7,-3.0282982539516343,-3.9079758208734017,-2.148620687029867,1.0396984088654628,0.8538369334417367,0
whisper-turbo,,beam,whisper,first,conf,1,2,7,0.012991370036433053,-0.1521697518416799,0.17815249191454602,0.027074853422944127,0.6443223665205872,4
whisper-turbo,,beam,whisper,first,rover_cg,0,7,7,-2.8574583270029335,-3.6050031981866075,-2.1099134558192594,0.7061776937261423,0.8071949090748086,0
whisper-turbo,,beam,whisper,mbr,rover_cg,0,7,7,-3.6983177490805415,-5.028181639234463,-2.3684538589266206,2.9983241130720115,0.9515679418898224,0
whisper-turbo,,beam,whisper,rover_freq,rover_cg,1,1,7,0.028083315065678384,-0.15878502253929352,0.21495165267065028,0.04222899851548112,0.7482053352898314,5
whisper-turbo,,greedy,whisper,cm05,rover_cg,0,7,7,-3.3995326279172127,-4.561515816624183,-2.237549439210242,2.2647437244213693,0.9420347303401149,0
whisper-turbo,,greedy,whisper,conf,rover_c,0,7,7,-3.3995326279172127,-4.561515816624183,-2.237549439210242,2.2647437244213693,0.9420347303401149,0
whisper-turbo,,greedy,whisper,conf,rover_cg,0,7,7,-3.3995326279172127,-4.561515816624183,-2.237549439210242,2.2647437244213693,0.9420347303401149,0
whisper-turbo,,greedy,whisper,conf,rover_freq,0,7,7,-3.3995326279172127,-4.561515816624183,-2.237549439210242,2.2647437244213693,0.9420347303401149,0
whisper-turbo,,greedy,whisper,first,rover_cg,0,7,7,-3.3995326279172127,-4.561515816624183,-2.237549439210242,2.2647437244213693,0.9420347303401149,0
whisper-turbo,,greedy,whisper,mbr,rover_cg,0,7,7,-3.3995326279172127,-4.561515816624183,-2.237549439210242,2.2647437244213693,0.9420347303401149,0
whisper-turbo,,sample,legacy,cm05,rover_cg,0,0,7,0.027858516420628327,-0.05828123002794687,0.11399826286920352,0.0,0.0,5
whisper-turbo,,sample,legacy,conf,mbr,0,0,7,-0.12307366028976016,-0.3184358155416577,0.07228849496213732,0.0,0.0,2
whisper-turbo,,sample,legacy,conf,rover_c,1,0,7,-0.05259699582253857,-0.2346265437445749,0.12943255209949775,0.0,0.0,2
whisper-turbo,,sample,legacy,conf,rover_cg,0,0,7,0.025812664897943892,-0.18381540904391477,0.23544073883980257,0.009928797480103281,0.1115599271694438,4
whisper-turbo,,sample,legacy,conf,rover_freq,0,0,7,-0.12543167895895221,-0.3136270150970293,0.06276365717912488,0.0,0.0,2
whisper-turbo,,sample,legacy,first,conf,5,0,7,0.8399486564093166,0.37631766428235447,1.3035796485362787,0.17766769850891254,0.5456255064170565,6
whisper-turbo,,sample,legacy,first,rover_cg,4,0,7,0.8810356377074257,0.3972620579418139,1.3648092174730375,0.2911803181907174,0.7847616797541944,7
whisper-turbo,,sample,legacy,mbr,rover_cg,2,0,7,0.1001586904548221,0.0036147734867591763,0.19670260742288503,0.0017098148127796635,0.09638790554924745,6
whisper-turbo,,sample,legacy,rover_freq,rover_cg,1,1,7,0.08276500969155631,-0.08171758947463761,0.24724760885775024,0.028437877154438736,0.6454321692665862,5
whisper-turbo,,sample,whisper,cm05,rover_cg,0,7,7,-3.4036108782578647,-4.620547651105844,-2.1866741054098853,2.454050160884657,0.9402128604663245,0
whisper-turbo,,sample,whisper,conf,mbr,0,0,7,-0.14008240975293187,-0.34390891026966186,0.06374409076379808,0.0,0.0,2
whisper-turbo,,sample,whisper,conf,rover_c,0,5,7,-3.466568128748805,-5.010887062447487,-1.9222491950501235,3.7631547381076627,0.9310078069296558,0
whisper-turbo,,sample,whisper,conf,rover_cg,0,6,7,-3.429530562179238,-4.991351599542144,-1.8677095248163327,3.8604531970649223,0.9327060263507204,0
whisper-turbo,,sample,whisper,conf,rover_freq,0,6,7,-3.5112438762273124,-4.966721690506188,-2.055766061948437,3.3279442559535526,0.9235008335248984,0
whisper-turbo,,sample,whisper,first,conf,5,0,7,0.854487597762771,0.3712739173385416,1.3377012781870004,0.21735154423712252,0.6221562747109788,6
whisper-turbo,,sample,whisper,first,rover_cg,0,5,7,-2.429322517181296,-3.533057068467896,-1.3255879658946959,1.895737818832655,0.8982544645639884,0
whisper-turbo,,sample,whisper,mbr,rover_cg,0,7,7,-3.224618245907336,-4.453102639436606,-1.9961338523780658,2.5201305973761565,0.940236005702097,0
whisper-turbo,,sample,whisper,rover_freq,rover_cg,1,1,7,0.08676977232558965,-0.07118872475242684,0.24472826940360615,0.02615840764320445,0.6575594179995892,5
